velocidad_bala,distancia,salto
-10.243436101218967,922.0,0
-10.243436101218967,911.756563898781,0
-10.243436101218967,901.513127797562,0
-10.243436101218967,891.269691696343,0
-10.243436101218967,881.026255595124,0
-10.243436101218967,870.782819493905,0
-10.243436101218967,860.539383392686,0
-10.243436101218967,850.295947291467,0
-10.243436101218967,840.052511190248,0
-10.243436101218967,829.809075089029,0
-10.243436101218967,819.56563898781,0
-10.243436101218967,809.322202886591,0
-10.243436101218967,799.078766785372,0
-10.243436101218967,788.835330684153,0
-10.243436101218967,778.591894582934,0
-10.243436101218967,768.3484584817149,0
-10.243436101218967,758.1050223804959,0
-10.243436101218967,747.8615862792769,0
-10.243436101218967,737.6181501780579,0
-10.243436101218967,727.3747140768389,0
-10.243436101218967,717.1312779756199,0
-10.243436101218967,706.8878418744009,0
-10.243436101218967,696.6444057731819,0
-10.243436101218967,686.4009696719629,0
-10.243436101218967,676.1575335707439,0
-10.243436101218967,665.9140974695249,0
-10.243436101218967,655.6706613683059,0
-10.243436101218967,645.4272252670869,0
-10.243436101218967,635.1837891658679,0
-10.243436101218967,624.9403530646489,0
-10.243436101218967,614.6969169634299,0
-10.243436101218967,604.4534808622109,0
-10.243436101218967,594.2100447609919,0
-10.243436101218967,583.9666086597729,0
-10.243436101218967,573.7231725585539,0
-10.243436101218967,563.4797364573349,0
-10.243436101218967,553.2363003561159,0
-10.243436101218967,542.9928642548969,0
-10.243436101218967,532.7494281536779,0
-10.243436101218967,522.5059920524589,0
-10.243436101218967,512.2625559512398,0
-10.243436101218967,502.01911985002084,0
-10.243436101218967,491.77568374880184,0
-10.243436101218967,481.53224764758284,0
-10.243436101218967,471.28881154636383,0
-10.243436101218967,461.0453754451448,0
-10.243436101218967,450.8019393439258,0
-10.243436101218967,440.5585032427068,0
-10.243436101218967,430.3150671414878,0
-10.243436101218967,420.0716310402688,0
-10.243436101218967,409.8281949390498,0
-10.243436101218967,399.5847588378308,0
-10.243436101218967,389.3413227366118,0
-10.243436101218967,379.0978866353928,0
-10.243436101218967,368.8544505341738,0
-10.243436101218967,358.6110144329548,0
-10.243436101218967,348.3675783317358,0
-10.243436101218967,338.1241422305168,0
-10.243436101218967,327.8807061292978,0
-10.243436101218967,317.6372700280788,0
-10.243436101218967,307.39383392685977,0
-10.243436101218967,297.1503978256408,0
-10.243436101218967,286.9069617244219,0
-10.243436101218967,276.66352562320293,0
-10.243436101218967,266.420089521984,0
-10.243436101218967,256.17665342076504,0
-10.243436101218967,245.9332173195461,0
-10.243436101218967,235.68978121832714,0
-10.243436101218967,225.4463451171082,0
-10.243436101218967,215.20290901588925,0
-10.243436101218967,204.9594729146703,0
-10.243436101218967,194.71603681345135,0
-10.243436101218967,184.4726007122324,0
-10.243436101218967,174.22916461101346,0
-10.243436101218967,163.9857285097945,0
-10.243436101218967,153.74229240857557,0
-10.243436101218967,143.49885630735662,0
-10.243436101218967,133.25542020613767,0
-10.243436101218967,123.01198410491872,0
-10.243436101218967,112.76854800369978,0
-10.243436101218967,102.52511190248083,0
-10.243436101218967,92.28167580126188,0
-10.243436101218967,82.03823970004294,0
-10.243436101218967,71.79480359882399,0
-10.243436101218967,61.55136749760504,0
-10.243436101218967,51.307931396386095,0
-10.243436101218967,41.06449529516712,0
-10.243436101218967,30.821059193948145,0
-10.243436101218967,20.57762309272917,1
-10.243436101218967,10.334186991510194,0
-10.243436101218967,0.09075089029121841,0
-10.243436101218967,-10.152685210927757,0
-10.243436101218967,-20.396121312146732,0
-10.243436101218967,-30.639557413365708,0
-10.243436101218967,-40.88299351458468,0
-10.243436101218967,-51.12642961580366,0
-10.243436101218967,-61.369865717022634,0
-10.243436101218967,-71.61330181824161,0
-10.243436101218967,-81.85673791946058,0
-10.243436101218967,-92.10017402067955,0
-10.243436101218967,-102.34361012189851,0
-10.243436101218967,-112.58704622311747,0
-10.243436101218967,-122.83048232433643,0
-10.243436101218967,-133.0739184255554,0
-10.243436101218967,-143.31735452677435,0
-10.243436101218967,-153.56079062799333,0
-10.243436101218967,-163.8042267292123,0
-10.243436101218967,-174.04766283043125,0
-10.243436101218967,-184.29109893165023,0
-10.243436101218967,-194.5345350328692,0
-10.243436101218967,-204.77797113408815,0
-10.243436101218967,-215.02140723530712,0
-10.243436101218967,-225.2648433365261,0
-10.243436101218967,-235.50827943774505,0
-7.312532210889401,1051.0,0
-7.312532210889401,1043.6874677891105,0
-7.312532210889401,1036.374935578221,0
-7.312532210889401,1029.0624033673316,0
-7.312532210889401,1021.7498711564422,0
-7.312532210889401,1014.4373389455527,0
-7.312532210889401,1007.1248067346633,0
-7.312532210889401,999.8122745237738,0
-7.312532210889401,992.4997423128843,0
-7.312532210889401,985.1872101019949,0
-7.312532210889401,977.8746778911054,0
-7.312532210889401,970.562145680216,0
-7.312532210889401,963.2496134693265,0
-7.312532210889401,955.937081258437,0
-7.312532210889401,948.6245490475476,0
-7.312532210889401,941.3120168366581,0
-7.312532210889401,933.9994846257687,0
-7.312532210889401,926.6869524148792,0
-7.312532210889401,919.3744202039898,0
-7.312532210889401,912.0618879931003,0
-7.312532210889401,904.7493557822108,0
-7.312532210889401,897.4368235713214,0
-7.312532210889401,890.1242913604319,0
-7.312532210889401,882.8117591495425,0
-7.312532210889401,875.499226938653,0
-7.312532210889401,868.1866947277636,0
-7.312532210889401,860.8741625168741,0
-7.312532210889401,853.5616303059846,0
-7.312532210889401,846.2490980950952,0
-7.312532210889401,838.9365658842057,0
-7.312532210889401,831.6240336733163,0
-7.312532210889401,824.3115014624268,0
-7.312532210889401,816.9989692515373,0
-7.312532210889401,809.6864370406479,0
-7.312532210889401,802.3739048297584,0
-7.312532210889401,795.061372618869,0
-7.312532210889401,787.7488404079795,0
-7.312532210889401,780.43630819709,0
-7.312532210889401,773.1237759862006,0
-7.312532210889401,765.8112437753111,0
-7.312532210889401,758.4987115644217,0
-7.312532210889401,751.1861793535322,0
-7.312532210889401,743.8736471426428,0
-7.312532210889401,736.5611149317533,0
-7.312532210889401,729.2485827208639,0
-7.312532210889401,721.9360505099744,0
-7.312532210889401,714.6235182990849,0
-7.312532210889401,707.3109860881955,0
-7.312532210889401,699.998453877306,0
-7.312532210889401,692.6859216664166,0
-7.312532210889401,685.3733894555271,0
-7.312532210889401,678.0608572446376,0
-7.312532210889401,670.7483250337482,0
-7.312532210889401,663.4357928228587,0
-7.312532210889401,656.1232606119693,0
-7.312532210889401,648.8107284010798,0
-7.312532210889401,641.4981961901904,0
-7.312532210889401,634.1856639793009,0
-7.312532210889401,626.8731317684114,0
-7.312532210889401,619.560599557522,0
-7.312532210889401,612.2480673466325,0
-7.312532210889401,604.9355351357431,0
-7.312532210889401,597.6230029248536,0
-7.312532210889401,590.3104707139642,0
-7.312532210889401,582.9979385030747,0
-7.312532210889401,575.6854062921852,0
-7.312532210889401,568.3728740812958,0
-7.312532210889401,561.0603418704063,0
-7.312532210889401,553.7478096595169,0
-7.312532210889401,546.4352774486274,0
-7.312532210889401,539.122745237738,0
-7.312532210889401,531.8102130268485,0
-7.312532210889401,524.497680815959,0
-7.312532210889401,517.1851486050696,0
-7.312532210889401,509.8726163941801,0
-7.312532210889401,502.56008418329066,0
-7.312532210889401,495.2475519724012,0
-7.312532210889401,487.93501976151174,0
-7.312532210889401,480.6224875506223,0
-7.312532210889401,473.3099553397328,0
-7.312532210889401,465.99742312884337,0
-7.312532210889401,458.6848909179539,0
-7.312532210889401,451.37235870706445,0
-7.312532210889401,444.059826496175,0
-7.312532210889401,436.74729428528553,0
-7.312532210889401,429.4347620743961,0
-7.312532210889401,422.1222298635066,0
-7.312532210889401,414.80969765261716,0
-7.312532210889401,407.4971654417277,0
-7.312532210889401,400.18463323083824,0
-7.312532210889401,392.8721010199488,0
-7.312532210889401,385.55956880905933,0
-7.312532210889401,378.24703659816987,0
-7.312532210889401,370.9345043872804,0
-7.312532210889401,363.62197217639095,0
-7.312532210889401,356.3094399655015,0
-7.312532210889401,348.99690775461204,0
-7.312532210889401,341.6843755437226,0
-7.312532210889401,334.3718433328331,0
-7.312532210889401,327.05931112194367,0
-7.312532210889401,319.7467789110542,0
-7.312532210889401,312.43424670016475,0
-7.312532210889401,305.1217144892753,0
-7.312532210889401,297.8091822783859,0
-7.312532210889401,290.4966500674965,0
-7.312532210889401,283.1841178566071,0
-7.312532210889401,275.8715856457177,0
-7.312532210889401,268.5590534348283,0
-7.312532210889401,261.2465212239389,0
-7.312532210889401,253.93398901304948,0
-7.312532210889401,246.62145680216008,0
-7.312532210889401,239.30892459127068,0
-7.312532210889401,231.99639238038128,0
-7.312532210889401,224.68386016949188,0
-7.312532210889401,217.37132795860248,0
-7.312532210889401,210.05879574771308,0
-7.312532210889401,202.74626353682368,0
-7.312532210889401,195.43373132593427,0
-7.312532210889401,188.12119911504487,0
-7.312532210889401,180.80866690415547,0
-7.312532210889401,173.49613469326607,0
-7.312532210889401,166.18360248237667,0
-7.312532210889401,158.87107027148727,0
-7.312532210889401,151.55853806059787,0
-7.312532210889401,144.24600584970847,0
-7.312532210889401,136.93347363881907,0
-7.312532210889401,129.62094142792967,0
-7.312532210889401,122.30840921704026,1
-7.312532210889401,114.99587700615086,0
-7.312532210889401,107.68334479526146,0
-7.312532210889401,100.37081258437206,0
-7.312532210889401,93.05828037348266,0
-7.312532210889401,85.74574816259326,0
-7.312532210889401,78.43321595170386,0
-7.312532210889401,71.12068374081446,0
-7.312532210889401,63.808151529925055,0
-7.312532210889401,56.495619319035654,0
-7.312532210889401,49.18308710814625,0
-7.312532210889401,41.87055489725685,0
-7.312532210889401,34.55802268636745,0
-7.312532210889401,27.24549047547805,0
-7.312532210889401,19.93295826458865,0
-7.312532210889401,12.620426053699248,0
-7.312532210889401,5.307893842809847,0
-7.312532210889401,-2.0046383680795543,0
-7.312532210889401,-9.317170578968955,0
-7.312532210889401,-16.629702789858356,0
-7.312532210889401,-23.942235000747758,0
-7.312532210889401,-31.25476721163716,0
-7.312532210889401,-38.56729942252656,0
-7.312532210889401,-45.87983163341596,0
-7.312532210889401,-53.19236384430536,0
-7.312532210889401,-60.50489605519476,0
-7.312532210889401,-67.81742826608416,0
-11.642149191939108,1052.0,0
-11.642149191939108,1040.357850808061,0
-11.642149191939108,1028.7157016161218,0
-11.642149191939108,1017.0735524241827,0
-11.642149191939108,1005.4314032322436,0
-11.642149191939108,993.7892540403045,0
-11.642149191939108,982.1471048483654,0
-11.642149191939108,970.5049556564263,1
-11.642149191939108,958.8628064644872,0
-11.642149191939108,947.2206572725481,0
-11.642149191939108,935.578508080609,0
-11.642149191939108,923.9363588886699,0
-11.642149191939108,912.2942096967308,0
-11.642149191939108,900.6520605047917,0
-11.642149191939108,889.0099113128526,0
-11.642149191939108,877.3677621209135,0
-11.642149191939108,865.7256129289744,0
-11.642149191939108,854.0834637370353,0
-11.642149191939108,842.4413145450962,0
-11.642149191939108,830.7991653531572,0
-11.642149191939108,819.157016161218,0
-11.642149191939108,807.514866969279,0
-11.642149191939108,795.8727177773399,0
-11.642149191939108,784.2305685854008,0
-11.642149191939108,772.5884193934617,0
-11.642149191939108,760.9462702015226,0
-11.642149191939108,749.3041210095835,0
-11.642149191939108,737.6619718176444,0
-11.642149191939108,726.0198226257053,0
-11.642149191939108,714.3776734337662,0
-11.642149191939108,702.7355242418271,0
-11.642149191939108,691.093375049888,0
-11.642149191939108,679.4512258579489,0
-11.642149191939108,667.8090766660098,0
-11.642149191939108,656.1669274740707,0
-11.642149191939108,644.5247782821316,0
-11.642149191939108,632.8826290901925,0
-11.642149191939108,621.2404798982534,0
-11.642149191939108,609.5983307063143,1
-11.642149191939108,597.9561815143752,0
-11.642149191939108,586.3140323224361,0
-11.642149191939108,574.671883130497,0
-11.642149191939108,563.0297339385579,0
-11.642149191939108,551.3875847466188,0
-11.642149191939108,539.7454355546797,0
-11.642149191939108,528.1032863627406,0
-11.642149191939108,516.4611371708015,0
-11.642149191939108,504.8189879788624,0
-11.642149191939108,493.1768387869233,0
-11.642149191939108,481.53468959498423,0
-11.642149191939108,469.89254040304513,0
-11.642149191939108,458.25039121110603,0
-11.642149191939108,446.60824201916694,0
-11.642149191939108,434.96609282722784,0
-11.642149191939108,423.32394363528874,0
-11.642149191939108,411.68179444334965,0
-11.642149191939108,400.03964525141055,0
-11.642149191939108,388.39749605947145,0
-11.642149191939108,376.75534686753235,0
-11.642149191939108,365.11319767559326,0
-11.642149191939108,353.47104848365416,0
-11.642149191939108,341.82889929171506,0
-11.642149191939108,330.18675009977596,0
-11.642149191939108,318.54460090783687,0
-11.642149191939108,306.90245171589777,0
-11.642149191939108,295.26030252395867,0
-11.642149191939108,283.6181533320196,0
-11.642149191939108,271.9760041400805,0
-11.642149191939108,260.3338549481414,0
-11.642149191939108,248.69170575620228,0
-11.642149191939108,237.04955656426318,0
-11.642149191939108,225.4074073723241,0
-11.642149191939108,213.765258180385,0
-11.642149191939108,202.1231089884459,0
-11.642149191939108,190.4809597965068,0
-11.642149191939108,178.8388106045677,0
-11.642149191939108,167.1966614126286,0
-11.642149191939108,155.5545122206895,0
-11.642149191939108,143.9123630287504,0
-11.642149191939108,132.2702138368113,0
-11.642149191939108,120.62806464487221,0
-11.642149191939108,108.98591545293311,0
-11.642149191939108,97.34376626099402,0
-11.642149191939108,85.70161706905492,0
-11.642149191939108,74.05946787711582,1
-11.642149191939108,62.417318685176724,0
-11.642149191939108,50.77516949323763,0
-11.642149191939108,39.13302030129853,0
-11.642149191939108,27.490871109359432,0
-11.642149191939108,15.848721917420335,0
-11.642149191939108,4.206572725481237,0
-11.642149191939108,-7.43557646645786,0
-11.642149191939108,-19.077725658396957,0
-11.642149191939108,-30.719874850336055,0
-11.642149191939108,-42.36202404227515,0
-11.642149191939108,-54.00417323421425,0
-11.642149191939108,-65.64632242615335,0
-11.642149191939108,-77.28847161809244,0
-11.642149191939108,-88.93062081003156,0
-11.642149191939108,-100.57277000197067,0
-11.642149191939108,-112.21491919390978,0
-11.642149191939108,-123.85706838584889,0
-11.642149191939108,-135.499217577788,0
-11.642149191939108,-147.1413667697271,0
-11.642149191939108,-158.78351596166624,0
-11.642149191939108,-170.42566515360534,0
-11.642149191939108,-182.06781434554443,0
-11.642149191939108,-193.70996353748356,0
-11.642149191939108,-205.35211272942266,0
-11.642149191939108,-216.99426192136178,0
-11.642149191939108,-228.63641111330088,0
-11.642149191939108,-240.27856030523998,0
-6.639869444882265,1035.0,0
-6.639869444882265,1028.3601305551178,0
-6.639869444882265,1021.7202611102357,0
-6.639869444882265,1015.0803916653535,0
-6.639869444882265,1008.4405222204714,0
-6.639869444882265,1001.8006527755892,0
-6.639869444882265,995.1607833307071,0
-6.639869444882265,988.5209138858249,0
-6.639869444882265,981.8810444409428,0
-6.639869444882265,975.2411749960606,0
-6.639869444882265,968.6013055511785,0
-6.639869444882265,961.9614361062963,0
-6.639869444882265,955.3215666614142,0
-6.639869444882265,948.681697216532,0
-6.639869444882265,942.0418277716499,0
-6.639869444882265,935.4019583267677,0
-6.639869444882265,928.7620888818856,0
-6.639869444882265,922.1222194370034,0
-6.639869444882265,915.4823499921213,0
-6.639869444882265,908.8424805472391,0
-6.639869444882265,902.202611102357,0
-6.639869444882265,895.5627416574748,0
-6.639869444882265,888.9228722125927,0
-6.639869444882265,882.2830027677105,0
-6.639869444882265,875.6431333228284,0
-6.639869444882265,869.0032638779462,0
-6.639869444882265,862.3633944330641,0
-6.639869444882265,855.7235249881819,0
-6.639869444882265,849.0836555432998,0
-6.639869444882265,842.4437860984176,0
-6.639869444882265,835.8039166535355,0
-6.639869444882265,829.1640472086533,0
-6.639869444882265,822.5241777637711,0
-6.639869444882265,815.884308318889,0
-6.639869444882265,809.2444388740067,0
-6.639869444882265,802.6045694291245,0
-6.639869444882265,795.9646999842422,0
-6.639869444882265,789.3248305393599,0
-6.639869444882265,782.6849610944777,0
-6.639869444882265,776.0450916495954,0
-6.639869444882265,769.4052222047131,0
-6.639869444882265,762.7653527598309,0
-6.639869444882265,756.1254833149486,0
-6.639869444882265,749.4856138700663,0
-6.639869444882265,742.8457444251841,0
-6.639869444882265,736.2058749803018,0
-6.639869444882265,729.5660055354195,0
-6.639869444882265,722.9261360905373,0
-6.639869444882265,716.286266645655,0
-6.639869444882265,709.6463972007728,0
-6.639869444882265,703.0065277558905,0
-6.639869444882265,696.3666583110082,0
-6.639869444882265,689.726788866126,0
-6.639869444882265,683.0869194212437,0
-6.639869444882265,676.4470499763614,0
-6.639869444882265,669.8071805314792,0
-6.639869444882265,663.1673110865969,0
-6.639869444882265,656.5274416417146,0
-6.639869444882265,649.8875721968324,0
-6.639869444882265,643.2477027519501,0
-6.639869444882265,636.6078333070678,0
-6.639869444882265,629.9679638621856,0
-6.639869444882265,623.3280944173033,0
-6.639869444882265,616.688224972421,0
-6.639869444882265,610.0483555275388,0
-6.639869444882265,603.4084860826565,0
-6.639869444882265,596.7686166377742,0
-6.639869444882265,590.128747192892,0
-6.639869444882265,583.4888777480097,0
-6.639869444882265,576.8490083031274,0
-6.639869444882265,570.2091388582452,0
-6.639869444882265,563.5692694133629,0
-6.639869444882265,556.9293999684807,0
-6.639869444882265,550.2895305235984,0
-6.639869444882265,543.6496610787161,0
-6.639869444882265,537.0097916338339,0
-6.639869444882265,530.3699221889516,0
-6.639869444882265,523.7300527440693,0
-6.639869444882265,517.0901832991871,0
-6.639869444882265,510.4503138543048,0
-6.639869444882265,503.81044440942253,0
-6.639869444882265,497.17057496454026,0
-6.639869444882265,490.530705519658,0
-6.639869444882265,483.89083607477573,0
-6.639869444882265,477.25096662989347,0
-6.639869444882265,470.6110971850112,0
-6.639869444882265,463.97122774012894,0
-6.639869444882265,457.3313582952467,0
-6.639869444882265,450.6914888503644,0
-6.639869444882265,444.05161940548214,0
-6.639869444882265,437.4117499605999,0
-6.639869444882265,430.7718805157176,0
-6.639869444882265,424.13201107083535,0
-6.639869444882265,417.4921416259531,0
-6.639869444882265,410.8522721810708,0
-6.639869444882265,404.21240273618855,0
-6.639869444882265,397.5725332913063,0
-6.639869444882265,390.932663846424,0
-6.639869444882265,384.29279440154176,0
-6.639869444882265,377.6529249566595,0
-6.639869444882265,371.0130555117772,0
-6.639869444882265,364.37318606689496,0
-6.639869444882265,357.7333166220127,0
-6.639869444882265,351.09344717713043,0
-6.639869444882265,344.45357773224816,0
-6.639869444882265,337.8137082873659,0
-6.639869444882265,331.17383884248363,0
-6.639869444882265,324.53396939760137,0
-6.639869444882265,317.8940999527191,0
-6.639869444882265,311.25423050783684,0
-6.639869444882265,304.6143610629546,0
-6.639869444882265,297.9744916180723,0
-6.639869444882265,291.33462217319004,0
-6.639869444882265,284.6947527283078,0
-6.639869444882265,278.0548832834255,0
-6.639869444882265,271.41501383854325,0
-6.639869444882265,264.775144393661,0
-6.639869444882265,258.1352749487787,0
-6.639869444882265,251.49540550389645,0
-6.639869444882265,244.85553605901418,0
-6.639869444882265,238.21566661413192,0
-6.639869444882265,231.57579716924965,0
-6.639869444882265,224.9359277243674,0
-6.639869444882265,218.29605827948512,0
-6.639869444882265,211.65618883460286,0
-6.639869444882265,205.0163193897206,0
-6.639869444882265,198.37644994483833,0
-6.639869444882265,191.73658049995606,0
-6.639869444882265,185.0967110550738,0
-6.639869444882265,178.45684161019153,0
-6.639869444882265,171.81697216530927,0
-6.639869444882265,165.177102720427,0
-6.639869444882265,158.53723327554474,0
-6.639869444882265,151.89736383066247,0
-6.639869444882265,145.2574943857802,0
-6.639869444882265,138.61762494089794,0
-6.639869444882265,131.97775549601567,0
-6.639869444882265,125.33788605113341,0
-6.639869444882265,118.69801660625114,0
-6.639869444882265,112.05814716136888,0
-6.639869444882265,105.41827771648661,0
-6.639869444882265,98.77840827160435,0
-6.639869444882265,92.13853882672208,0
-6.639869444882265,85.49866938183982,0
-6.639869444882265,78.85879993695755,0
-6.639869444882265,72.21893049207529,0
-6.639869444882265,65.57906104719302,0
-6.639869444882265,58.93919160231076,1
-6.639869444882265,52.29932215742849,0
-6.639869444882265,45.659452712546226,0
-6.639869444882265,39.01958326766396,0
-6.639869444882265,32.379713822781696,0
-6.639869444882265,25.73984437789943,0
-6.639869444882265,19.099974933017165,0
-6.639869444882265,12.4601054881349,0
-6.639869444882265,5.820236043252635,0
-6.639869444882265,-0.8196334016296305,0
-6.639869444882265,-7.459502846511896,0
-6.639869444882265,-14.099372291394161,0
-6.639869444882265,-20.739241736276426,0
-6.639869444882265,-27.37911118115869,0
-6.639869444882265,-34.01898062604096,0
-6.639869444882265,-40.65885007092322,0
-6.639869444882265,-47.29871951580549,0
-6.639869444882265,-53.93858896068775,0
-6.639869444882265,-60.57845840557002,0
-6.639869444882265,-67.21832785045228,0
-6.639869444882265,-73.85819729533455,0
-6.639869444882265,-80.49806674021681,0
-6.639869444882265,-87.13793618509908,0
-6.639869444882265,-93.77780562998134,0
-6.639869444882265,-100.41767507486361,0
-6.639869444882265,-107.05754451974587,0
-6.639869444882265,-113.69741396462814,0
-6.639869444882265,-120.3372834095104,0
-6.639869444882265,-126.97715285439267,0
-6.639869444882265,-133.61702229927494,0
-6.639869444882265,-140.2568917441572,0
-6.639869444882265,-146.89676118903947,0
-6.639869444882265,-153.53663063392173,0
-6.639869444882265,-160.176500078804,0
-6.639869444882265,-166.81636952368626,0
-6.639869444882265,-173.45623896856853,0
-6.639869444882265,-180.0961084134508,0
-6.639869444882265,-186.73597785833306,0
-6.639869444882265,-193.37584730321532,0
-6.639869444882265,-200.0157167480976,0
-6.639869444882265,-206.65558619297985,0
-6.639869444882265,-213.29545563786212,0
-6.639869444882265,-219.93532508274438,0
-6.639869444882265,-226.57519452762665,0
-6.639869444882265,-233.21506397250891,0
-6.639869444882265,-239.85493341739118,0
-6.15781261248885,1068.0,0
-6.15781261248885,1061.842187387511,0
-6.15781261248885,1055.6843747750222,0
-6.15781261248885,1049.5265621625333,1
-6.15781261248885,1043.3687495500444,0
-6.15781261248885,1037.2109369375555,0
-6.15781261248885,1031.0531243250666,0
-6.15781261248885,1024.8953117125777,0
-6.15781261248885,1018.7374991000888,0
-6.15781261248885,1012.5796864875999,0
-6.15781261248885,1006.421873875111,0
-6.15781261248885,1000.2640612626221,0
-6.15781261248885,994.1062486501332,0
-6.15781261248885,987.9484360376443,0
-6.15781261248885,981.7906234251554,0
-6.15781261248885,975.6328108126665,0
-6.15781261248885,969.4749982001777,0
-6.15781261248885,963.3171855876888,0
-6.15781261248885,957.1593729751999,0
-6.15781261248885,951.001560362711,0
-6.15781261248885,944.8437477502221,0
-6.15781261248885,938.6859351377332,0
-6.15781261248885,932.5281225252443,0
-6.15781261248885,926.3703099127554,0
-6.15781261248885,920.2124973002665,0
-6.15781261248885,914.0546846877776,0
-6.15781261248885,907.8968720752887,0
-6.15781261248885,901.7390594627998,0
-6.15781261248885,895.5812468503109,0
-6.15781261248885,889.423434237822,0
-6.15781261248885,883.2656216253331,0
-6.15781261248885,877.1078090128442,0
-6.15781261248885,870.9499964003553,0
-6.15781261248885,864.7921837878664,0
-6.15781261248885,858.6343711753775,0
-6.15781261248885,852.4765585628886,0
-6.15781261248885,846.3187459503997,1
-6.15781261248885,840.1609333379108,0
-6.15781261248885,834.0031207254219,0
-6.15781261248885,827.845308112933,0
-6.15781261248885,821.6874955004441,0
-6.15781261248885,815.5296828879552,0
-6.15781261248885,809.3718702754663,0
-6.15781261248885,803.2140576629774,0
-6.15781261248885,797.0562450504885,0
-6.15781261248885,790.8984324379996,0
-6.15781261248885,784.7406198255107,0
-6.15781261248885,778.5828072130219,0
-6.15781261248885,772.424994600533,0
-6.15781261248885,766.2671819880441,0
-6.15781261248885,760.1093693755552,0
-6.15781261248885,753.9515567630663,0
-6.15781261248885,747.7937441505774,0
-6.15781261248885,741.6359315380885,0
-6.15781261248885,735.4781189255996,0
-6.15781261248885,729.3203063131107,0
-6.15781261248885,723.1624937006218,0
-6.15781261248885,717.0046810881329,0
-6.15781261248885,710.846868475644,0
-6.15781261248885,704.6890558631551,0
-6.15781261248885,698.5312432506662,0
-6.15781261248885,692.3734306381773,0
-6.15781261248885,686.2156180256884,0
-6.15781261248885,680.0578054131995,0
-6.15781261248885,673.8999928007106,0
-6.15781261248885,667.7421801882217,0
-6.15781261248885,661.5843675757328,0
-6.15781261248885,655.4265549632439,0
-6.15781261248885,649.268742350755,0
-6.15781261248885,643.1109297382661,0
-6.15781261248885,636.9531171257772,0
-6.15781261248885,630.7953045132883,0
-6.15781261248885,624.6374919007994,0
-6.15781261248885,618.4796792883105,0
-6.15781261248885,612.3218666758216,0
-6.15781261248885,606.1640540633327,0
-6.15781261248885,600.0062414508438,0
-6.15781261248885,593.848428838355,0
-6.15781261248885,587.690616225866,0
-6.15781261248885,581.5328036133772,0
-6.15781261248885,575.3749910008883,0
-6.15781261248885,569.2171783883994,0
-6.15781261248885,563.0593657759105,0
-6.15781261248885,556.9015531634216,0
-6.15781261248885,550.7437405509327,0
-6.15781261248885,544.5859279384438,0
-6.15781261248885,538.4281153259549,0
-6.15781261248885,532.270302713466,0
-6.15781261248885,526.1124901009771,0
-6.15781261248885,519.9546774884882,0
-6.15781261248885,513.7968648759993,0
-6.15781261248885,507.6390522635104,0
-6.15781261248885,501.4812396510215,0
-6.15781261248885,495.3234270385326,0
-6.15781261248885,489.1656144260437,0
-6.15781261248885,483.0078018135548,0
-6.15781261248885,476.8499892010659,0
-6.15781261248885,470.692176588577,0
-6.15781261248885,464.5343639760881,0
-6.15781261248885,458.3765513635992,0
-6.15781261248885,452.2187387511103,0
-6.15781261248885,446.0609261386214,0
-6.15781261248885,439.90311352613253,0
-6.15781261248885,433.74530091364363,0
-6.15781261248885,427.58748830115474,0
-6.15781261248885,421.42967568866584,0
-6.15781261248885,415.27186307617694,0
-6.15781261248885,409.11405046368805,0
-6.15781261248885,402.95623785119915,0
-6.15781261248885,396.79842523871025,0
-6.15781261248885,390.64061262622135,0
-6.15781261248885,384.48280001373246,0
-6.15781261248885,378.32498740124356,0
-6.15781261248885,372.16717478875466,0
-6.15781261248885,366.00936217626577,0
-6.15781261248885,359.85154956377687,0
-6.15781261248885,353.693736951288,0
-6.15781261248885,347.5359243387991,0
-6.15781261248885,341.3781117263102,0
-6.15781261248885,335.2202991138213,0
-6.15781261248885,329.0624865013324,0
-6.15781261248885,322.9046738888435,0
-6.15781261248885,316.7468612763546,0
-6.15781261248885,310.5890486638657,0
-6.15781261248885,304.4312360513768,0
-6.15781261248885,298.27342343888796,0
-6.15781261248885,292.1156108263991,0
-6.15781261248885,285.9577982139103,0
-6.15781261248885,279.79998560142144,0
-6.15781261248885,273.6421729889326,0
-6.15781261248885,267.48436037644376,0
-6.15781261248885,261.3265477639549,0
-6.15781261248885,255.16873515146608,0
-6.15781261248885,249.01092253897724,0
-6.15781261248885,242.8531099264884,0
-6.15781261248885,236.69529731399956,0
-6.15781261248885,230.53748470151072,0
-6.15781261248885,224.37967208902188,0
-6.15781261248885,218.22185947653304,0
-6.15781261248885,212.0640468640442,0
-6.15781261248885,205.90623425155536,0
-6.15781261248885,199.74842163906652,0
-6.15781261248885,193.59060902657768,0
-6.15781261248885,187.43279641408884,0
-6.15781261248885,181.2749838016,0
-6.15781261248885,175.11717118911116,0
-6.15781261248885,168.95935857662232,0
-6.15781261248885,162.80154596413348,0
-6.15781261248885,156.64373335164464,0
-6.15781261248885,150.4859207391558,0
-6.15781261248885,144.32810812666696,0
-6.15781261248885,138.17029551417812,0
-6.15781261248885,132.01248290168928,0
-6.15781261248885,125.85467028920044,0
-6.15781261248885,119.6968576767116,0
-6.15781261248885,113.53904506422276,0
-6.15781261248885,107.38123245173392,0
-6.15781261248885,101.22341983924508,0
-6.15781261248885,95.06560722675624,0
-6.15781261248885,88.9077946142674,0
-6.15781261248885,82.74998200177856,0
-6.15781261248885,76.59216938928972,0
-6.15781261248885,70.43435677680088,0
-6.15781261248885,64.27654416431204,0
-6.15781261248885,58.1187315518232,1
-6.15781261248885,51.96091893933436,0
-6.15781261248885,45.80310632684552,0
-6.15781261248885,39.64529371435668,0
-6.15781261248885,33.48748110186784,0
-6.15781261248885,27.329668489379003,0
-6.15781261248885,21.171855876890163,0
-6.15781261248885,15.014043264401323,0
-6.15781261248885,8.856230651912483,0
-6.15781261248885,2.6984180394236432,0
-6.15781261248885,-3.4593945730651967,0
-6.15781261248885,-9.617207185554037,0
-6.15781261248885,-15.775019798042877,0
-6.15781261248885,-21.932832410531717,0
-6.15781261248885,-28.090645023020556,0
-6.15781261248885,-34.248457635509396,0
-6.15781261248885,-40.406270247998236,0
-6.15781261248885,-46.564082860487076,0
-6.15781261248885,-52.721895472975916,0
-6.15781261248885,-58.879708085464756,0
-6.15781261248885,-65.0375206979536,0
-6.15781261248885,-71.19533331044244,0
-6.15781261248885,-77.35314592293128,0
-6.15781261248885,-83.51095853542013,0
-6.15781261248885,-89.66877114790898,0
-6.15781261248885,-95.82658376039784,0
-6.15781261248885,-101.98439637288669,0
-6.15781261248885,-108.14220898537555,0
-6.15781261248885,-114.3000215978644,0
-6.15781261248885,-120.45783421035325,0
-6.15781261248885,-126.61564682284211,0
-6.15781261248885,-132.77345943533095,0
-6.15781261248885,-138.93127204781982,0
-6.15781261248885,-145.08908466030869,0
-6.15781261248885,-151.24689727279753,0
-6.15781261248885,-157.40470988528637,0
-6.15781261248885,-163.5625224977752,0
-6.15781261248885,-169.72033511026405,0
-6.15781261248885,-175.8781477227529,0
-6.15781261248885,-182.03596033524175,0
-6.15781261248885,-188.19377294773062,0
-6.15781261248885,-194.35158556021946,0
-6.15781261248885,-200.5093981727083,0
-6.15781261248885,-206.66721078519717,0
-6.15781261248885,-212.825023397686,0
-6.15781261248885,-218.98283601017485,0
-6.15781261248885,-225.14064862266372,0
-6.15781261248885,-231.29846123515256,0
-6.15781261248885,-237.4562738476414,0
-6.15781261248885,-243.61408646013027,0
-8.276135249578322,943.0,0
-8.276135249578322,934.7238647504216,0
-8.276135249578322,926.4477295008433,0
-8.276135249578322,918.1715942512649,0
-8.276135249578322,909.8954590016865,0
-8.276135249578322,901.6193237521081,0
-8.276135249578322,893.3431885025298,0
-8.276135249578322,885.0670532529514,0
-8.276135249578322,876.790918003373,0
-8.276135249578322,868.5147827537946,0
-8.276135249578322,860.2386475042163,0
-8.276135249578322,851.9625122546379,0
-8.276135249578322,843.6863770050595,0
-8.276135249578322,835.4102417554811,0
-8.276135249578322,827.1341065059028,0
-8.276135249578322,818.8579712563244,0
-8.276135249578322,810.581836006746,0
-8.276135249578322,802.3057007571676,0
-8.276135249578322,794.0295655075893,0
-8.276135249578322,785.7534302580109,0
-8.276135249578322,777.4772950084325,0
-8.276135249578322,769.2011597588541,0
-8.276135249578322,760.9250245092758,0
-8.276135249578322,752.6488892596974,0
-8.276135249578322,744.372754010119,0
-8.276135249578322,736.0966187605407,0
-8.276135249578322,727.8204835109623,0
-8.276135249578322,719.5443482613839,0
-8.276135249578322,711.2682130118055,0
-8.276135249578322,702.9920777622272,0
-8.276135249578322,694.7159425126488,0
-8.276135249578322,686.4398072630704,0
-8.276135249578322,678.163672013492,0
-8.276135249578322,669.8875367639137,0
-8.276135249578322,661.6114015143353,0
-8.276135249578322,653.3352662647569,0
-8.276135249578322,645.0591310151785,0
-8.276135249578322,636.7829957656002,0
-8.276135249578322,628.5068605160218,0
-8.276135249578322,620.2307252664434,0
-8.276135249578322,611.954590016865,0
-8.276135249578322,603.6784547672867,0
-8.276135249578322,595.4023195177083,0
-8.276135249578322,587.1261842681299,0
-8.276135249578322,578.8500490185515,0
-8.276135249578322,570.5739137689732,0
-8.276135249578322,562.2977785193948,0
-8.276135249578322,554.0216432698164,0
-8.276135249578322,545.745508020238,0
-8.276135249578322,537.4693727706597,0
-8.276135249578322,529.1932375210813,0
-8.276135249578322,520.9171022715029,0
-8.276135249578322,512.6409670219246,0
-8.276135249578322,504.3648317723462,0
-8.276135249578322,496.0886965227678,0
-8.276135249578322,487.81256127318943,0
-8.276135249578322,479.53642602361106,0
-8.276135249578322,471.2602907740327,0
-8.276135249578322,462.9841555244543,0
-8.276135249578322,454.70802027487593,0
-8.276135249578322,446.43188502529756,0
-8.276135249578322,438.1557497757192,0
-8.276135249578322,429.8796145261408,0
-8.276135249578322,421.60347927656244,0
-8.276135249578322,413.32734402698406,0
-8.276135249578322,405.0512087774057,0
-8.276135249578322,396.7750735278273,0
-8.276135249578322,388.49893827824894,0
-8.276135249578322,380.22280302867057,0
-8.276135249578322,371.9466677790922,0
-8.276135249578322,363.6705325295138,0
-8.276135249578322,355.39439727993545,0
-8.276135249578322,347.1182620303571,0
-8.276135249578322,338.8421267807787,0
-8.276135249578322,330.5659915312003,0
-8.276135249578322,322.28985628162195,0
-8.276135249578322,314.0137210320436,0
-8.276135249578322,305.7375857824652,0
-8.276135249578322,297.4614505328869,0
-8.276135249578322,289.18531528330857,0
-8.276135249578322,280.90918003373025,0
-8.276135249578322,272.63304478415193,0
-8.276135249578322,264.3569095345736,0
-8.276135249578322,256.0807742849953,0
-8.276135249578322,247.80463903541698,0
-8.276135249578322,239.52850378583867,0
-8.276135249578322,231.25236853626035,0
-8.276135249578322,222.97623328668203,0
-8.276135249578322,214.70009803710371,0
-8.276135249578322,206.4239627875254,0
-8.276135249578322,198.14782753794708,0
-8.276135249578322,189.87169228836876,0
-8.276135249578322,181.59555703879045,0
-8.276135249578322,173.31942178921213,0
-8.276135249578322,165.0432865396338,0
-8.276135249578322,156.7671512900555,0
-8.276135249578322,148.49101604047718,0
-8.276135249578322,140.21488079089886,0
-8.276135249578322,131.93874554132054,0
-8.276135249578322,123.66261029174223,0
-8.276135249578322,115.38647504216391,0
-8.276135249578322,107.11033979258559,0
-8.276135249578322,98.83420454300727,0
-8.276135249578322,90.55806929342896,0
-8.276135249578322,82.28193404385064,0
-8.276135249578322,74.00579879427232,1
-8.276135249578322,65.729663544694,0
-8.276135249578322,57.45352829511569,0
-8.276135249578322,49.17739304553737,0
-8.276135249578322,40.901257795959054,0
-8.276135249578322,32.62512254638074,0
-8.276135249578322,24.34898729680242,0
-8.276135249578322,16.072852047224103,0
-8.276135249578322,7.796716797645786,0
-8.276135249578322,-0.4794184519325313,0
-8.276135249578322,-8.755553701510848,0
-8.276135249578322,-17.031688951089166,0
-8.276135249578322,-25.307824200667483,0
-8.276135249578322,-33.5839594502458,0
-8.276135249578322,-41.86009469982412,0
-8.276135249578322,-50.136229949402434,0
-8.276135249578322,-58.41236519898075,0
-8.276135249578322,-66.68850044855907,0
-8.276135249578322,-74.96463569813739,0
-8.276135249578322,-83.2407709477157,0
-8.276135249578322,-91.51690619729402,0
-8.276135249578322,-99.79304144687234,0
-8.276135249578322,-108.06917669645065,0
-8.276135249578322,-116.34531194602897,0
-8.276135249578322,-124.62144719560729,0
-8.276135249578322,-132.8975824451856,0
-8.276135249578322,-141.17371769476392,0
-8.276135249578322,-149.44985294434224,0
-8.276135249578322,-157.72598819392056,0
-8.276135249578322,-166.0021234434989,0
-8.276135249578322,-174.27825869307722,0
-8.276135249578322,-182.55439394265554,0
-8.276135249578322,-190.83052919223388,0
-8.276135249578322,-199.1066644418122,0
-8.276135249578322,-207.38279969139052,0
-8.276135249578322,-215.65893494096883,0
-8.276135249578322,-223.93507019054715,0
-8.276135249578322,-232.21120544012547,0
-8.276135249578322,-240.4873406897038,0
-10.649919032601163,922.0,0
-10.649919032601163,911.3500809673988,0
-10.649919032601163,900.7001619347975,0
-10.649919032601163,890.0502429021963,0
-10.649919032601163,879.400323869595,0
-10.649919032601163,868.7504048369938,0
-10.649919032601163,858.1004858043925,0
-10.649919032601163,847.4505667717913,0
-10.649919032601163,836.80064773919,0
-10.649919032601163,826.1507287065888,0
-10.649919032601163,815.5008096739875,0
-10.649919032601163,804.8508906413864,0
-10.649919032601163,794.2009716087853,0
-10.649919032601163,783.5510525761841,0
-10.649919032601163,772.901133543583,0
-10.649919032601163,762.2512145109819,0
-10.649919032601163,751.6012954783807,0
-10.649919032601163,740.9513764457796,0
-10.649919032601163,730.3014574131785,0
-10.649919032601163,719.6515383805773,0
-10.649919032601163,709.0016193479762,0
-10.649919032601163,698.3517003153751,0
-10.649919032601163,687.7017812827739,0
-10.649919032601163,677.0518622501728,0
-10.649919032601163,666.4019432175717,0
-10.649919032601163,655.7520241849705,0
-10.649919032601163,645.1021051523694,0
-10.649919032601163,634.4521861197683,0
-10.649919032601163,623.8022670871671,0
-10.649919032601163,613.152348054566,0
-10.649919032601163,602.5024290219649,0
-10.649919032601163,591.8525099893637,0
-10.649919032601163,581.2025909567626,0
-10.649919032601163,570.5526719241615,0
-10.649919032601163,559.9027528915603,0
-10.649919032601163,549.2528338589592,0
-10.649919032601163,538.6029148263581,0
-10.649919032601163,527.9529957937569,0
-10.649919032601163,517.3030767611558,0
-10.649919032601163,506.6531577285547,0
-10.649919032601163,496.00323869595354,0
-10.649919032601163,485.3533196633524,0
-10.649919032601163,474.7034006307513,0
-10.649919032601163,464.05348159815014,0
-10.649919032601163,453.403562565549,0
-10.649919032601163,442.7536435329479,0
-10.649919032601163,432.10372450034674,0
-10.649919032601163,421.4538054677456,0
-10.649919032601163,410.8038864351445,0
-10.649919032601163,400.15396740254334,0
-10.649919032601163,389.5040483699422,0
-10.649919032601163,378.8541293373411,0
-10.649919032601163,368.20421030473995,0
-10.649919032601163,357.5542912721388,0
-10.649919032601163,346.9043722395377,0
-10.649919032601163,336.25445320693655,0
-10.649919032601163,325.6045341743354,0
-10.649919032601163,314.9546151417343,0
-10.649919032601163,304.30469610913315,0
-10.649919032601163,293.65477707653196,0
-10.649919032601163,283.00485804393077,0
-10.649919032601163,272.3549390113296,0
-10.649919032601163,261.7050199787284,0
-10.649919032601163,251.0551009461272,0
-10.649919032601163,240.405181913526,0
-10.649919032601163,229.75526288092482,0
-10.649919032601163,219.10534384832363,0
-10.649919032601163,208.45542481572244,0
-10.649919032601163,197.80550578312125,0
-10.649919032601163,187.15558675052006,0
-10.649919032601163,176.50566771791887,0
-10.649919032601163,165.85574868531768,0
-10.649919032601163,155.2058296527165,0
-10.649919032601163,144.5559106201153,0
-10.649919032601163,133.9059915875141,0
-10.649919032601163,123.25607255491292,0
-10.649919032601163,112.60615352231173,1
-10.649919032601163,101.95623448971054,0
-10.649919032601163,91.30631545710935,0
-10.649919032601163,80.65639642450816,0
-10.649919032601163,70.00647739190697,0
-10.649919032601163,59.35655835930578,0
-10.649919032601163,48.70663932670459,0
-10.649919032601163,38.05672029410343,0
-10.649919032601163,27.406801261502267,0
-10.649919032601163,16.756882228901105,0
-10.649919032601163,6.106963196299944,0
-10.649919032601163,-4.542955836301218,0
-10.649919032601163,-15.19287486890238,0
-10.649919032601163,-25.84279390150354,0
-10.649919032601163,-36.4927129341047,0
-10.649919032601163,-47.14263196670586,0
-10.649919032601163,-57.792550999307025,0
-10.649919032601163,-68.44247003190819,0
-10.649919032601163,-79.09238906450935,0
-10.649919032601163,-89.74230809711051,0
-10.649919032601163,-100.39222712971167,0
-10.649919032601163,-111.04214616231283,0
-10.649919032601163,-121.692065194914,0
-10.649919032601163,-132.34198422751516,0
-10.649919032601163,-142.99190326011632,0
-10.649919032601163,-153.64182229271748,0
-10.649919032601163,-164.29174132531864,0
-10.649919032601163,-174.9416603579198,0
-10.649919032601163,-185.59157939052096,0
-10.649919032601163,-196.24149842312212,0
-10.649919032601163,-206.89141745572329,0
-10.649919032601163,-217.54133648832445,0
-10.649919032601163,-228.1912555209256,0
-10.649919032601163,-238.84117455352677,0
-6.545468829582786,942.0,0
-6.545468829582786,935.4545311704171,0
-6.545468829582786,928.9090623408342,0
-6.545468829582786,922.3635935112513,0
-6.545468829582786,915.8181246816685,0
-6.545468829582786,909.2726558520856,0
-6.545468829582786,902.7271870225027,0
-6.545468829582786,896.1817181929198,0
-6.545468829582786,889.6362493633369,0
-6.545468829582786,883.090780533754,0
-6.545468829582786,876.5453117041711,0
-6.545468829582786,869.9998428745882,0
-6.545468829582786,863.4543740450054,0
-6.545468829582786,856.9089052154225,0
-6.545468829582786,850.3634363858396,0
-6.545468829582786,843.8179675562567,0
-6.545468829582786,837.2724987266738,0
-6.545468829582786,830.7270298970909,0
-6.545468829582786,824.181561067508,0
-6.545468829582786,817.6360922379251,0
-6.545468829582786,811.0906234083424,0
-6.545468829582786,804.5451545787596,0
-6.545468829582786,797.9996857491768,0
-6.545468829582786,791.454216919594,0
-6.545468829582786,784.9087480900113,0
-6.545468829582786,778.3632792604285,0
-6.545468829582786,771.8178104308457,0
-6.545468829582786,765.272341601263,0
-6.545468829582786,758.7268727716802,0
-6.545468829582786,752.1814039420974,0
-6.545468829582786,745.6359351125146,0
-6.545468829582786,739.0904662829319,0
-6.545468829582786,732.5449974533491,0
-6.545468829582786,725.9995286237663,0
-6.545468829582786,719.4540597941835,0
-6.545468829582786,712.9085909646008,0
-6.545468829582786,706.363122135018,0
-6.545468829582786,699.8176533054352,0
-6.545468829582786,693.2721844758524,0
-6.545468829582786,686.7267156462697,0
-6.545468829582786,680.1812468166869,0
-6.545468829582786,673.6357779871041,0
-6.545468829582786,667.0903091575213,0
-6.545468829582786,660.5448403279386,0
-6.545468829582786,653.9993714983558,0
-6.545468829582786,647.453902668773,0
-6.545468829582786,640.9084338391903,0
-6.545468829582786,634.3629650096075,0
-6.545468829582786,627.8174961800247,0
-6.545468829582786,621.2720273504419,0
-6.545468829582786,614.7265585208592,0
-6.545468829582786,608.1810896912764,0
-6.545468829582786,601.6356208616936,0
-6.545468829582786,595.0901520321108,0
-6.545468829582786,588.5446832025281,0
-6.545468829582786,581.9992143729453,0
-6.545468829582786,575.4537455433625,0
-6.545468829582786,568.9082767137797,0
-6.545468829582786,562.362807884197,0
-6.545468829582786,555.8173390546142,0
-6.545468829582786,549.2718702250314,0
-6.545468829582786,542.7264013954486,0
-6.545468829582786,536.1809325658659,0
-6.545468829582786,529.6354637362831,0
-6.545468829582786,523.0899949067003,0
-6.545468829582786,516.5445260771176,0
-6.545468829582786,509.9990572475348,0
-6.545468829582786,503.453588417952,0
-6.545468829582786,496.90811958836923,0
-6.545468829582786,490.36265075878646,0
-6.545468829582786,483.8171819292037,0
-6.545468829582786,477.2717130996209,0
-6.545468829582786,470.72624427003814,0
-6.545468829582786,464.18077544045536,0
-6.545468829582786,457.6353066108726,0
-6.545468829582786,451.0898377812898,0
-6.545468829582786,444.54436895170704,0
-6.545468829582786,437.99890012212427,0
-6.545468829582786,431.4534312925415,0
-6.545468829582786,424.9079624629587,0
-6.545468829582786,418.36249363337595,0
-6.545468829582786,411.8170248037932,0
-6.545468829582786,405.2715559742104,0
-6.545468829582786,398.7260871446276,0
-6.545468829582786,392.18061831504485,0
-6.545468829582786,385.6351494854621,0
-6.545468829582786,379.0896806558793,0
-6.545468829582786,372.54421182629653,0
-6.545468829582786,365.99874299671376,0
-6.545468829582786,359.453274167131,0
-6.545468829582786,352.9078053375482,0
-6.545468829582786,346.36233650796544,0
-6.545468829582786,339.81686767838266,0
-6.545468829582786,333.2713988487999,0
-6.545468829582786,326.7259300192171,0
-6.545468829582786,320.18046118963434,0
-6.545468829582786,313.63499236005157,0
-6.545468829582786,307.0895235304688,0
-6.545468829582786,300.544054700886,0
-6.545468829582786,293.99858587130325,0
-6.545468829582786,287.4531170417205,0
-6.545468829582786,280.9076482121377,0
-6.545468829582786,274.3621793825549,0
-6.545468829582786,267.81671055297215,0
-6.545468829582786,261.2712417233894,0
-6.545468829582786,254.7257728938066,0
-6.545468829582786,248.18030406422383,0
-6.545468829582786,241.63483523464106,0
-6.545468829582786,235.08936640505829,0
-6.545468829582786,228.5438975754755,0
-6.545468829582786,221.99842874589274,0
-6.545468829582786,215.45295991630996,0
-6.545468829582786,208.9074910867272,0
-6.545468829582786,202.36202225714442,0
-6.545468829582786,195.81655342756164,0
-6.545468829582786,189.27108459797887,0
-6.545468829582786,182.7256157683961,0
-6.545468829582786,176.18014693881332,0
-6.545468829582786,169.63467810923055,0
-6.545468829582786,163.08920927964778,0
-6.545468829582786,156.543740450065,0
-6.545468829582786,149.99827162048223,0
-6.545468829582786,143.45280279089945,0
-6.545468829582786,136.90733396131668,0
-6.545468829582786,130.3618651317339,0
-6.545468829582786,123.81639630215113,0
-6.545468829582786,117.27092747256836,0
-6.545468829582786,110.72545864298559,0
-6.545468829582786,104.17998981340281,0
-6.545468829582786,97.63452098382004,0
-6.545468829582786,91.08905215423727,0
-6.545468829582786,84.54358332465449,0
-6.545468829582786,77.99811449507172,0
-6.545468829582786,71.45264566548894,0
-6.545468829582786,64.90717683590617,1
-6.545468829582786,58.3617080063234,0
-6.545468829582786,51.81623917674062,0
-6.545468829582786,45.27077034715785,0
-6.545468829582786,38.725301517575076,0
-6.545468829582786,32.1798326879923,0
-6.545468829582786,25.63436385840953,0
-6.545468829582786,19.088895028826755,0
-6.545468829582786,12.543426199243982,0
-6.545468829582786,5.997957369661208,0
-6.545468829582786,-0.5475114599215658,0
-6.545468829582786,-7.0929802895043395,0
-6.545468829582786,-13.638449119087113,0
-6.545468829582786,-20.183917948669887,0
-6.545468829582786,-26.72938677825266,0
-6.545468829582786,-33.274855607835434,0
-6.545468829582786,-39.82032443741821,0
-6.545468829582786,-46.36579326700098,0
-6.545468829582786,-52.911262096583755,0
-6.545468829582786,-59.45673092616653,0
-6.545468829582786,-66.0021997557493,0
-6.545468829582786,-72.54766858533208,0
-6.545468829582786,-79.09313741491485,0
-6.545468829582786,-85.63860624449764,0
-6.545468829582786,-92.18407507408043,0
-6.545468829582786,-98.72954390366321,0
-6.545468829582786,-105.275012733246,0
-6.545468829582786,-111.82048156282879,0
-6.545468829582786,-118.36595039241158,0
-6.545468829582786,-124.91141922199436,0
-6.545468829582786,-131.45688805157715,0
-6.545468829582786,-138.00235688115993,0
-6.545468829582786,-144.54782571074273,0
-6.545468829582786,-151.09329454032553,0
-6.545468829582786,-157.6387633699083,0
-6.545468829582786,-164.18423219949108,0
-6.545468829582786,-170.72970102907388,0
-6.545468829582786,-177.27516985865668,0
-6.545468829582786,-183.82063868823946,0
-6.545468829582786,-190.36610751782223,0
-6.545468829582786,-196.91157634740503,0
-6.545468829582786,-203.4570451769878,0
-6.545468829582786,-210.0025140065706,0
-6.545468829582786,-216.54798283615338,0
-6.545468829582786,-223.09345166573618,0
-6.545468829582786,-229.63892049531896,0
-6.545468829582786,-236.18438932490176,0
-6.545468829582786,-242.72985815448453,0
-11.901521476775054,1080.0,0
-11.901521476775054,1068.098478523225,0
-11.901521476775054,1056.1969570464498,0
-11.901521476775054,1044.2954355696747,0
-11.901521476775054,1032.3939140928996,0
-11.901521476775054,1020.4923926161246,0
-11.901521476775054,1008.5908711393495,0
-11.901521476775054,996.6893496625744,0
-11.901521476775054,984.7878281857993,0
-11.901521476775054,972.8863067090242,0
-11.901521476775054,960.9847852322491,0
-11.901521476775054,949.083263755474,0
-11.901521476775054,937.181742278699,0
-11.901521476775054,925.2802208019239,0
-11.901521476775054,913.3786993251488,0
-11.901521476775054,901.4771778483737,0
-11.901521476775054,889.5756563715986,0
-11.901521476775054,877.6741348948235,0
-11.901521476775054,865.7726134180484,0
-11.901521476775054,853.8710919412733,0
-11.901521476775054,841.9695704644982,0
-11.901521476775054,830.0680489877232,0
-11.901521476775054,818.1665275109481,0
-11.901521476775054,806.265006034173,0
-11.901521476775054,794.3634845573979,0
-11.901521476775054,782.4619630806228,0
-11.901521476775054,770.5604416038477,0
-11.901521476775054,758.6589201270726,0
-11.901521476775054,746.7573986502975,0
-11.901521476775054,734.8558771735225,0
-11.901521476775054,722.9543556967474,0
-11.901521476775054,711.0528342199723,0
-11.901521476775054,699.1513127431972,0
-11.901521476775054,687.2497912664221,0
-11.901521476775054,675.348269789647,0
-11.901521476775054,663.4467483128719,0
-11.901521476775054,651.5452268360968,0
-11.901521476775054,639.6437053593218,0
-11.901521476775054,627.7421838825467,0
-11.901521476775054,615.8406624057716,0
-11.901521476775054,603.9391409289965,0
-11.901521476775054,592.0376194522214,0
-11.901521476775054,580.1360979754463,0
-11.901521476775054,568.2345764986712,0
-11.901521476775054,556.3330550218961,0
-11.901521476775054,544.431533545121,0
-11.901521476775054,532.530012068346,0
-11.901521476775054,520.6284905915709,0
-11.901521476775054,508.7269691147958,0
-11.901521476775054,496.8254476380207,0
-11.901521476775054,484.9239261612456,0
-11.901521476775054,473.02240468447053,0
-11.901521476775054,461.12088320769544,0
-11.901521476775054,449.21936173092035,0
-11.901521476775054,437.31784025414527,0
-11.901521476775054,425.4163187773702,0
-11.901521476775054,413.5147973005951,0
-11.901521476775054,401.61327582382,0
-11.901521476775054,389.7117543470449,0
-11.901521476775054,377.81023287026983,0
-11.901521476775054,365.90871139349474,0
-11.901521476775054,354.00718991671965,0
-11.901521476775054,342.10566843994457,0
-11.901521476775054,330.2041469631695,0
-11.901521476775054,318.3026254863944,0
-11.901521476775054,306.4011040096193,0
-11.901521476775054,294.4995825328443,0
-11.901521476775054,282.59806105606924,0
-11.901521476775054,270.6965395792942,0
-11.901521476775054,258.7950181025192,0
-11.901521476775054,246.89349662574415,0
-11.901521476775054,234.99197514896912,0
-11.901521476775054,223.0904536721941,0
-11.901521476775054,211.18893219541906,0
-11.901521476775054,199.28741071864403,0
-11.901521476775054,187.385889241869,0
-11.901521476775054,175.48436776509396,0
-11.901521476775054,163.58284628831893,0
-11.901521476775054,151.6813248115439,0
-11.901521476775054,139.77980333476887,0
-11.901521476775054,127.87828185799384,0
-11.901521476775054,115.97676038121881,1
-11.901521476775054,104.07523890444378,0
-11.901521476775054,92.17371742766875,0
-11.901521476775054,80.27219595089372,0
-11.901521476775054,68.37067447411869,0
-11.901521476775054,56.469152997343656,0
-11.901521476775054,44.5676315205686,0
-11.901521476775054,32.66611004379354,0
-11.901521476775054,20.764588567018478,0
-11.901521476775054,8.863067090243419,0
-11.901521476775054,-3.0384543865316402,0
-11.901521476775054,-14.9399758633067,0
-11.901521476775054,-26.84149734008176,0
-11.901521476775054,-38.74301881685682,0
-11.901521476775054,-50.64454029363188,0
-11.901521476775054,-62.546061770406936,0
-11.901521476775054,-74.447583247182,0
-11.901521476775054,-86.34910472395705,0
-11.901521476775054,-98.25062620073211,0
-11.901521476775054,-110.15214767750717,0
-11.901521476775054,-122.05366915428223,0
-11.901521476775054,-133.9551906310573,0
-11.901521476775054,-145.85671210783235,0
-11.901521476775054,-157.7582335846074,0
-11.901521476775054,-169.65975506138244,0
-11.901521476775054,-181.5612765381575,0
-11.901521476775054,-193.46279801493256,0
-11.901521476775054,-205.36431949170762,0
-11.901521476775054,-217.26584096848268,0
-11.901521476775054,-229.1673624452577,0
-11.901521476775054,-241.06888392203277,0
-7.176276835229992,1019.0,0
-7.176276835229992,1011.82372316477,0
-7.176276835229992,1004.6474463295399,0
-7.176276835229992,997.4711694943098,0
-7.176276835229992,990.2948926590798,0
-7.176276835229992,983.1186158238497,0
-7.176276835229992,975.9423389886197,0
-7.176276835229992,968.7660621533896,0
-7.176276835229992,961.5897853181596,0
-7.176276835229992,954.4135084829295,0
-7.176276835229992,947.2372316476994,0
-7.176276835229992,940.0609548124694,0
-7.176276835229992,932.8846779772393,0
-7.176276835229992,925.7084011420093,0
-7.176276835229992,918.5321243067792,0
-7.176276835229992,911.3558474715492,0
-7.176276835229992,904.1795706363191,0
-7.176276835229992,897.0032938010891,0
-7.176276835229992,889.827016965859,0
-7.176276835229992,882.650740130629,0
-7.176276835229992,875.4744632953989,0
-7.176276835229992,868.2981864601688,0
-7.176276835229992,861.1219096249388,0
-7.176276835229992,853.9456327897087,0
-7.176276835229992,846.7693559544787,0
-7.176276835229992,839.5930791192486,0
-7.176276835229992,832.4168022840186,0
-7.176276835229992,825.2405254487885,0
-7.176276835229992,818.0642486135584,0
-7.176276835229992,810.8879717783285,0
-7.176276835229992,803.7116949430986,0
-7.176276835229992,796.5354181078686,0
-7.176276835229992,789.3591412726387,0
-7.176276835229992,782.1828644374087,0
-7.176276835229992,775.0065876021788,0
-7.176276835229992,767.8303107669489,0
-7.176276835229992,760.6540339317189,0
-7.176276835229992,753.477757096489,0
-7.176276835229992,746.301480261259,0
-7.176276835229992,739.1252034260291,0
-7.176276835229992,731.9489265907991,0
-7.176276835229992,724.7726497555692,0
-7.176276835229992,717.5963729203393,0
-7.176276835229992,710.4200960851093,0
-7.176276835229992,703.2438192498794,0
-7.176276835229992,696.0675424146494,0
-7.176276835229992,688.8912655794195,0
-7.176276835229992,681.7149887441896,0
-7.176276835229992,674.5387119089596,0
-7.176276835229992,667.3624350737297,0
-7.176276835229992,660.1861582384997,0
-7.176276835229992,653.0098814032698,0
-7.176276835229992,645.8336045680398,0
-7.176276835229992,638.6573277328099,0
-7.176276835229992,631.48105089758,0
-7.176276835229992,624.30477406235,0
-7.176276835229992,617.1284972271201,0
-7.176276835229992,609.9522203918901,0
-7.176276835229992,602.7759435566602,0
-7.176276835229992,595.5996667214303,0
-7.176276835229992,588.4233898862003,0
-7.176276835229992,581.2471130509704,0
-7.176276835229992,574.0708362157404,0
-7.176276835229992,566.8945593805105,0
-7.176276835229992,559.7182825452805,0
-7.176276835229992,552.5420057100506,0
-7.176276835229992,545.3657288748207,0
-7.176276835229992,538.1894520395907,0
-7.176276835229992,531.0131752043608,0
-7.176276835229992,523.8368983691308,0
-7.176276835229992,516.6606215339009,0
-7.176276835229992,509.48434469867095,0
-7.176276835229992,502.308067863441,0
-7.176276835229992,495.13179102821107,0
-7.176276835229992,487.9555141929811,0
-7.176276835229992,480.7792373577512,0
-7.176276835229992,473.60296052252124,0
-7.176276835229992,466.4266836872913,0
-7.176276835229992,459.25040685206136,0
-7.176276835229992,452.0741300168314,0
-7.176276835229992,444.8978531816015,0
-7.176276835229992,437.72157634637153,0
-7.176276835229992,430.5452995111416,0
-7.176276835229992,423.36902267591165,0
-7.176276835229992,416.1927458406817,0
-7.176276835229992,409.01646900545177,0
-7.176276835229992,401.8401921702218,0
-7.176276835229992,394.6639153349919,0
-7.176276835229992,387.48763849976194,0
-7.176276835229992,380.311361664532,0
-7.176276835229992,373.13508482930206,0
-7.176276835229992,365.9588079940721,0
-7.176276835229992,358.7825311588422,0
-7.176276835229992,351.60625432361223,0
-7.176276835229992,344.4299774883823,0
-7.176276835229992,337.25370065315235,0
-7.176276835229992,330.0774238179224,0
-7.176276835229992,322.90114698269247,0
-7.176276835229992,315.7248701474625,0
-7.176276835229992,308.5485933122326,0
-7.176276835229992,301.3723164770026,0
-7.176276835229992,294.1960396417726,0
-7.176276835229992,287.0197628065426,0
-7.176276835229992,279.8434859713126,0
-7.176276835229992,272.6672091360826,0
-7.176276835229992,265.4909323008526,0
-7.176276835229992,258.3146554656226,0
-7.176276835229992,251.1383786303926,0
-7.176276835229992,243.9621017951626,0
-7.176276835229992,236.7858249599326,0
-7.176276835229992,229.6095481247026,0
-7.176276835229992,222.4332712894726,0
-7.176276835229992,215.2569944542426,0
-7.176276835229992,208.0807176190126,0
-7.176276835229992,200.9044407837826,0
-7.176276835229992,193.7281639485526,0
-7.176276835229992,186.5518871133226,0
-7.176276835229992,179.3756102780926,0
-7.176276835229992,172.1993334428626,0
-7.176276835229992,165.0230566076326,0
-7.176276835229992,157.8467797724026,0
-7.176276835229992,150.6705029371726,0
-7.176276835229992,143.49422610194262,0
-7.176276835229992,136.31794926671262,0
-7.176276835229992,129.14167243148262,0
-7.176276835229992,121.96539559625262,0
-7.176276835229992,114.78911876102262,0
-7.176276835229992,107.61284192579262,0
-7.176276835229992,100.43656509056262,0
-7.176276835229992,93.26028825533263,0
-7.176276835229992,86.08401142010263,0
-7.176276835229992,78.90773458487263,1
-7.176276835229992,71.73145774964263,0
-7.176276835229992,64.55518091441263,0
-7.176276835229992,57.37890407918263,0
-7.176276835229992,50.202627243952634,0
-7.176276835229992,43.026350408722635,0
-7.176276835229992,35.85007357349264,0
-7.176276835229992,28.673796738262638,0
-7.176276835229992,21.49751990303264,0
-7.176276835229992,14.32124306780264,0
-7.176276835229992,7.144966232572642,0
-7.176276835229992,-0.03131060265735641,0
-7.176276835229992,-7.207587437887355,0
-7.176276835229992,-14.383864273117354,0
-7.176276835229992,-21.560141108347352,0
-7.176276835229992,-28.73641794357735,0
-7.176276835229992,-35.91269477880735,0
-7.176276835229992,-43.08897161403735,0
-7.176276835229992,-50.26524844926735,0
-7.176276835229992,-57.441525284497345,0
-7.176276835229992,-64.61780211972734,0
-7.176276835229992,-71.79407895495734,0
-7.176276835229992,-78.97035579018734,0
-7.176276835229992,-86.14663262541734,0
-7.176276835229992,-93.32290946064734,0
-7.176276835229992,-100.49918629587734,0
-7.176276835229992,-107.67546313110734,0
-7.176276835229992,-114.85173996633733,0
-7.176276835229992,-122.02801680156733,0
-7.176276835229992,-129.20429363679733,0
-7.176276835229992,-136.38057047202733,0
-7.176276835229992,-143.55684730725733,0
-7.176276835229992,-150.73312414248733,0
-7.176276835229992,-157.90940097771733,0
-7.176276835229992,-165.0856778129473,0
-7.176276835229992,-172.2619546481773,0
-7.176276835229992,-179.4382314834073,0
-7.176276835229992,-186.61450831863726,0
-7.176276835229992,-193.79078515386726,0
-7.176276835229992,-200.96706198909726,0
-7.176276835229992,-208.14333882432726,0
-7.176276835229992,-215.31961565955726,0
-7.176276835229992,-222.49589249478723,0
-7.176276835229992,-229.67216933001723,0
-7.176276835229992,-236.84844616524722,0
-8.453963800685443,1007.0,0
-8.453963800685443,998.5460361993146,0
-8.453963800685443,990.0920723986292,0
-8.453963800685443,981.6381085979438,0
-8.453963800685443,973.1841447972583,0
-8.453963800685443,964.7301809965729,0
-8.453963800685443,956.2762171958875,0
-8.453963800685443,947.8222533952021,0
-8.453963800685443,939.3682895945167,0
-8.453963800685443,930.9143257938313,0
-8.453963800685443,922.4603619931459,0
-8.453963800685443,914.0063981924604,0
-8.453963800685443,905.552434391775,0
-8.453963800685443,897.0984705910896,0
-8.453963800685443,888.6445067904042,0
-8.453963800685443,880.1905429897188,0
-8.453963800685443,871.7365791890334,0
-8.453963800685443,863.282615388348,0
-8.453963800685443,854.8286515876625,0
-8.453963800685443,846.3746877869771,0
-8.453963800685443,837.9207239862917,0
-8.453963800685443,829.4667601856063,0
-8.453963800685443,821.0127963849209,0
-8.453963800685443,812.5588325842355,0
-8.453963800685443,804.10486878355,0
-8.453963800685443,795.6509049828646,0
-8.453963800685443,787.1969411821792,0
-8.453963800685443,778.7429773814938,0
-8.453963800685443,770.2890135808084,0
-8.453963800685443,761.835049780123,0
-8.453963800685443,753.3810859794376,0
-8.453963800685443,744.9271221787521,0
-8.453963800685443,736.4731583780667,0
-8.453963800685443,728.0191945773813,0
-8.453963800685443,719.5652307766959,0
-8.453963800685443,711.1112669760105,0
-8.453963800685443,702.6573031753251,0
-8.453963800685443,694.2033393746397,0
-8.453963800685443,685.7493755739542,0
-8.453963800685443,677.2954117732688,0
-8.453963800685443,668.8414479725834,0
-8.453963800685443,660.387484171898,0
-8.453963800685443,651.9335203712126,0
-8.453963800685443,643.4795565705272,0
-8.453963800685443,635.0255927698418,0
-8.453963800685443,626.5716289691563,0
-8.453963800685443,618.1176651684709,0
-8.453963800685443,609.6637013677855,0
-8.453963800685443,601.2097375671001,0
-8.453963800685443,592.7557737664147,0
-8.453963800685443,584.3018099657293,0
-8.453963800685443,575.8478461650438,0
-8.453963800685443,567.3938823643584,0
-8.453963800685443,558.939918563673,0
-8.453963800685443,550.4859547629876,0
-8.453963800685443,542.0319909623022,0
-8.453963800685443,533.5780271616168,0
-8.453963800685443,525.1240633609314,0
-8.453963800685443,516.670099560246,0
-8.453963800685443,508.21613575956053,0
-8.453963800685443,499.7621719588751,0
-8.453963800685443,491.3082081581897,0
-8.453963800685443,482.8542443575043,0
-8.453963800685443,474.40028055681887,0
-8.453963800685443,465.94631675613346,0
-8.453963800685443,457.49235295544804,0
-8.453963800685443,449.0383891547626,0
-8.453963800685443,440.5844253540772,0
-8.453963800685443,432.1304615533918,0
-8.453963800685443,423.6764977527064,0
-8.453963800685443,415.22253395202097,0
-8.453963800685443,406.76857015133555,0
-8.453963800685443,398.31460635065014,0
-8.453963800685443,389.8606425499647,0
-8.453963800685443,381.4066787492793,0
-8.453963800685443,372.9527149485939,0
-8.453963800685443,364.4987511479085,0
-8.453963800685443,356.04478734722306,0
-8.453963800685443,347.59082354653765,0
-8.453963800685443,339.13685974585223,0
-8.453963800685443,330.6828959451668,0
-8.453963800685443,322.2289321444814,0
-8.453963800685443,313.774968343796,0
-8.453963800685443,305.3210045431106,0
-8.453963800685443,296.86704074242516,0
-8.453963800685443,288.41307694173975,0
-8.453963800685443,279.95911314105433,0
-8.453963800685443,271.5051493403689,0
-8.453963800685443,263.0511855396835,0
-8.453963800685443,254.5972217389981,0
-8.453963800685443,246.14325793831267,0
-8.453963800685443,237.68929413762726,0
-8.453963800685443,229.23533033694184,0
-8.453963800685443,220.78136653625643,0
-8.453963800685443,212.327402735571,0
-8.453963800685443,203.8734389348856,0
-8.453963800685443,195.41947513420018,0
-8.453963800685443,186.96551133351477,0
-8.453963800685443,178.51154753282935,0
-8.453963800685443,170.05758373214394,0
-8.453963800685443,161.60361993145852,0
-8.453963800685443,153.1496561307731,0
-8.453963800685443,144.6956923300877,0
-8.453963800685443,136.24172852940228,0
-8.453963800685443,127.78776472871687,0
-8.453963800685443,119.33380092803145,0
-8.453963800685443,110.87983712734604,0
-8.453963800685443,102.42587332666062,0
-8.453963800685443,93.9719095259752,1
-8.453963800685443,85.51794572528979,0
-8.453963800685443,77.06398192460438,0
-8.453963800685443,68.61001812391896,0
-8.453963800685443,60.15605432323355,0
-8.453963800685443,51.70209052254813,0
-8.453963800685443,43.24812672186269,0
-8.453963800685443,34.79416292117725,0
-8.453963800685443,26.340199120491803,0
-8.453963800685443,17.88623531980636,0
-8.453963800685443,9.432271519120917,0
-8.453963800685443,0.9783077184354738,0
-8.453963800685443,-7.475656082249969,0
-8.453963800685443,-15.929619882935413,0
-8.453963800685443,-24.383583683620856,0
-8.453963800685443,-32.8375474843063,0
-8.453963800685443,-41.29151128499174,0
-8.453963800685443,-49.745475085677185,0
-8.453963800685443,-58.19943888636263,0
-8.453963800685443,-66.65340268704807,0
-8.453963800685443,-75.10736648773351,0
-8.453963800685443,-83.56133028841896,0
-8.453963800685443,-92.0152940891044,0
-8.453963800685443,-100.46925788978984,0
-8.453963800685443,-108.92322169047529,0
-8.453963800685443,-117.37718549116073,0
-8.453963800685443,-125.83114929184617,0
-8.453963800685443,-134.28511309253162,0
-8.453963800685443,-142.73907689321706,0
-8.453963800685443,-151.1930406939025,0
-8.453963800685443,-159.64700449458795,0
-8.453963800685443,-168.1009682952734,0
-8.453963800685443,-176.55493209595883,0
-8.453963800685443,-185.00889589664428,0
-8.453963800685443,-193.46285969732972,0
-8.453963800685443,-201.91682349801516,0
-8.453963800685443,-210.3707872987006,0
-8.453963800685443,-218.82475109938605,0
-8.453963800685443,-227.2787149000715,0
-8.453963800685443,-235.73267870075694,0
-7.598621770819549,915.0,0
-7.598621770819549,907.4013782291804,0
-7.598621770819549,899.8027564583608,0
-7.598621770819549,892.2041346875412,0
-7.598621770819549,884.6055129167216,0
-7.598621770819549,877.006891145902,0
-7.598621770819549,869.4082693750825,0
-7.598621770819549,861.8096476042629,0
-7.598621770819549,854.2110258334433,0
-7.598621770819549,846.6124040626237,0
-7.598621770819549,839.0137822918041,0
-7.598621770819549,831.4151605209845,0
-7.598621770819549,823.8165387501649,0
-7.598621770819549,816.2179169793453,0
-7.598621770819549,808.6192952085257,0
-7.598621770819549,801.0206734377061,0
-7.598621770819549,793.4220516668865,0
-7.598621770819549,785.823429896067,0
-7.598621770819549,778.2248081252474,0
-7.598621770819549,770.6261863544278,0
-7.598621770819549,763.0275645836082,0
-7.598621770819549,755.4289428127886,0
-7.598621770819549,747.830321041969,0
-7.598621770819549,740.2316992711494,0
-7.598621770819549,732.6330775003298,0
-7.598621770819549,725.0344557295102,0
-7.598621770819549,717.4358339586906,0
-7.598621770819549,709.837212187871,0
-7.598621770819549,702.2385904170515,0
-7.598621770819549,694.6399686462319,0
-7.598621770819549,687.0413468754123,0
-7.598621770819549,679.4427251045927,0
-7.598621770819549,671.8441033337731,0
-7.598621770819549,664.2454815629535,0
-7.598621770819549,656.6468597921339,0
-7.598621770819549,649.0482380213143,0
-7.598621770819549,641.4496162504947,0
-7.598621770819549,633.8509944796751,0
-7.598621770819549,626.2523727088555,0
-7.598621770819549,618.653750938036,0
-7.598621770819549,611.0551291672164,0
-7.598621770819549,603.4565073963968,0
-7.598621770819549,595.8578856255772,0
-7.598621770819549,588.2592638547576,0
-7.598621770819549,580.660642083938,0
-7.598621770819549,573.0620203131184,0
-7.598621770819549,565.4633985422988,0
-7.598621770819549,557.8647767714792,0
-7.598621770819549,550.2661550006596,0
-7.598621770819549,542.66753322984,0
-7.598621770819549,535.0689114590205,0
-7.598621770819549,527.4702896882009,0
-7.598621770819549,519.8716679173813,0
-7.598621770819549,512.2730461465617,0
-7.598621770819549,504.6744243757421,0
-7.598621770819549,497.0758026049225,0
-7.598621770819549,489.4771808341029,0
-7.598621770819549,481.8785590632833,0
-7.598621770819549,474.2799372924637,0
-7.598621770819549,466.68131552164414,0
-7.598621770819549,459.08269375082455,0
-7.598621770819549,451.48407198000496,0
-7.598621770819549,443.88545020918536,0
-7.598621770819549,436.2868284383658,0
-7.598621770819549,428.6882066675462,0
-7.598621770819549,421.0895848967266,0
-7.598621770819549,413.490963125907,0
-7.598621770819549,405.8923413550874,0
-7.598621770819549,398.2937195842678,0
-7.598621770819549,390.6950978134482,0
-7.598621770819549,383.09647604262864,0
-7.598621770819549,375.49785427180905,0
-7.598621770819549,367.89923250098946,0
-7.598621770819549,360.30061073016986,0
-7.598621770819549,352.7019889593503,0
-7.598621770819549,345.1033671885307,0
-7.598621770819549,337.5047454177111,0
-7.598621770819549,329.9061236468915,0
-7.598621770819549,322.3075018760719,0
-7.598621770819549,314.7088801052523,0
-7.598621770819549,307.11025833443273,0
-7.598621770819549,299.5116365636132,0
-7.598621770819549,291.91301479279366,0
-7.598621770819549,284.3143930219741,0
-7.598621770819549,276.7157712511546,0
-7.598621770819549,269.11714948033506,0
-7.598621770819549,261.5185277095155,0
-7.598621770819549,253.919905938696,0
-7.598621770819549,246.32128416787646,0
-7.598621770819549,238.72266239705692,0
-7.598621770819549,231.1240406262374,0
-7.598621770819549,223.52541885541785,0
-7.598621770819549,215.92679708459832,0
-7.598621770819549,208.3281753137788,0
-7.598621770819549,200.72955354295925,0
-7.598621770819549,193.13093177213972,0
-7.598621770819549,185.53231000132018,0
-7.598621770819549,177.93368823050065,0
-7.598621770819549,170.33506645968112,0
-7.598621770819549,162.73644468886158,0
-7.598621770819549,155.13782291804205,0
-7.598621770819549,147.5392011472225,0
-7.598621770819549,139.94057937640298,0
-7.598621770819549,132.34195760558345,0
-7.598621770819549,124.74333583476391,0
-7.598621770819549,117.14471406394438,0
-7.598621770819549,109.54609229312484,1
-7.598621770819549,101.94747052230531,0
-7.598621770819549,94.34884875148578,0
-7.598621770819549,86.75022698066624,0
-7.598621770819549,79.15160520984671,0
-7.598621770819549,71.55298343902717,0
-7.598621770819549,63.95436166820764,0
-7.598621770819549,56.355739897388105,0
-7.598621770819549,48.75711812656857,0
-7.598621770819549,41.15849635574901,0
-7.598621770819549,33.559874584929446,0
-7.598621770819549,25.961252814109884,0
-7.598621770819549,18.36263104329032,0
-7.598621770819549,10.764009272470759,0
-7.598621770819549,3.165387501651196,0
-7.598621770819549,-4.433234269168366,0
-7.598621770819549,-12.031856039987929,0
-7.598621770819549,-19.63047781080749,0
-7.598621770819549,-27.229099581627054,0
-7.598621770819549,-34.827721352446616,0
-7.598621770819549,-42.42634312326618,0
-7.598621770819549,-50.02496489408574,0
-7.598621770819549,-57.623586664905304,0
-7.598621770819549,-65.22220843572487,0
-7.598621770819549,-72.82083020654443,0
-7.598621770819549,-80.41945197736399,0
-7.598621770819549,-88.01807374818354,0
